Date,Start,High,Low,Close
101/12/03,7582.65,7628.29,7562.19,7599.91
101/12/04,7572.11,7600.98,7536.66,7600.98
101/12/05,7575.63,7650.12,7567.46,7649.05
101/12/06,7660.97,7673.62,7616.79,7623.26
101/12/07,7640.25,7672.92,7631.63,7642.26
101/12/10,7658.39,7669.05,7603.25,7609.5
101/12/11,7621.0,7630.66,7556.67,7613.69
101/12/12,7653.9,7696.02,7645.54,7690.19
101/12/13,7713.69,7757.09,7699.41,7757.09
101/12/14,7722.88,7723.74,7686.32,7698.77
101/12/17,7664.97,7683.32,7603.51,7631.28
101/12/18,7620.29,7643.74,7616.04,7643.74
101/12/19,7671.13,7685.63,7647.01,7677.47
101/12/20,7646.13,7646.13,7574.56,7595.46
101/12/21,7592.57,7608.81,7491.52,7519.93
101/12/22,7537.52,7546.9,7520.8,7540.14
101/12/24,7542.66,7566.09,7520.62,7535.52
101/12/25,7556.24,7654.6,7543.83,7636.57
101/12/26,7646.51,7683.09,7633.83,7634.19
101/12/27,7634.8,7661.01,7622.73,7648.41
101/12/28,7700.87,7708.31,7665.04,7699.5
102/01/02,7738.05,7793.48,7715.26,7779.22
102/01/03,7826.34,7855.16,7815.29,7836.84
102/01/04,7818.27,7818.27,7773.06,7805.99
102/01/07,7797.05,7797.05,7725.47,7755.09
102/01/08,7737.07,7751.8,7692.98,7721.66
102/01/09,7726.4,7763.97,7703.23,7738.64
102/01/10,7780.98,7825.06,7760.09,7811.64
102/01/11,7843.57,7845.36,7801.69,7819.15
102/01/14,7795.68,7823.97,7731.32,7823.97
102/01/15,7823.51,7823.51,7744.39,7765.02
102/01/16,7766.09,7769.18,7700.43,7700.43
102/01/17,7748.57,7774.97,7603.27,7616.64
102/01/18,7697.28,7732.87,7676.11,7732.87
102/01/21,7725.36,7739.37,7674.18,7724.92
102/01/22,7746.79,7759.47,7699.25,7759.1
102/01/23,7773.2,7773.2,7730.1,7744.18
102/01/24,7717.04,7724.68,7653.62,7695.99
102/01/25,7695.25,7704.31,7637.2,7672.58
102/01/28,7685.67,7717.35,7685.67,7714.67
102/01/29,7744.15,7802.0,7739.6,7802.0
102/01/30,7832.95,7847.21,7804.71,7832.98
102/01/31,7832.87,7850.02,7800.9,7850.02
102/02/01,7853.75,7866.23,7832.0,7855.97
102/02/04,7882.76,7929.97,7880.29,7923.16
102/02/05,7896.67,7896.67,7863.91,7886.94
102/02/06,7925.26,7941.65,7906.65,7906.65
102/02/18,8000.69,8005.73,7927.95,7943.53
102/02/19,7974.4,7974.4,7946.09,7960.88
102/02/20,8021.31,8029.1,7995.16,8029.1
102/02/21,8020.52,8020.52,7957.46,7957.46
102/02/22,7947.88,7970.24,7913.16,7947.72
102/02/23,7979.15,7997.94,7965.89,7986.89
102/02/25,7986.87,7995.11,7947.68,7947.68
102/02/26,7891.41,7927.49,7871.23,7880.9
102/02/27,7886.03,7912.85,7873.29,7897.98
102/03/01,7917.72,7964.63,7917.72,7964.63
102/03/04,7966.22,7966.22,7849.52,7867.34
102/03/05,7910.44,7939.85,7882.56,7932.71
102/03/06,7958.11,7982.39,7936.86,7950.3
102/03/07,7950.9,7984.29,7942.37,7960.51
102/03/08,7981.0,8029.14,7981.0,8015.14
102/03/11,8021.88,8089.21,8001.85,8038.72
102/03/12,8039.0,8063.23,7986.59,7994.71
102/03/13,8018.9,8047.56,7962.42,7995.51
102/03/14,8002.42,8002.71,7946.29,7951.76
102/03/15,7989.67,7999.92,7924.94,7927.49
102/03/18,7886.69,7888.16,7807.61,7811.34
102/03/19,7843.47,7863.77,7823.81,7838.47
102/03/20,7834.73,7844.54,7786.56,7798.03
102/03/21,7828.95,7843.16,7811.84,7811.84
102/03/22,7811.52,7832.59,7796.22,7796.22
102/03/25,7862.58,7877.05,7854.47,7856.12
102/03/26,7873.7,7876.68,7845.56,7856.36
102/03/27,7872.75,7894.26,7857.32,7894.12
102/03/28,7905.71,7905.71,7844.84,7866.88
102/03/29,7904.5,7931.7,7883.81,7918.61
102/04/01,7934.25,7937.73,7896.57,7899.24
102/04/02,7897.16,7924.46,7879.55,7913.18
102/04/03,7949.12,7954.15,7913.77,7942.35
102/04/08,7831.22,7843.1,7747.47,7752.79
102/04/09,7766.62,7781.13,7714.93,7728.54
102/04/10,7772.95,7772.95,7739.99,7752.8
102/04/11,7788.58,7857.98,7788.58,7857.98
102/04/12,7861.12,7864.86,7810.54,7821.63
102/04/15,7815.32,7835.12,7753.24,7763.53
102/04/16,7690.91,7801.05,7688.62,7801.05
102/04/17,7822.81,7822.81,7791.53,7809.07
102/04/18,7781.48,7826.13,7757.33,7791.35
102/04/19,7868.9,7933.72,7862.92,7930.8
102/04/22,7976.1,7996.55,7950.01,7970.38
102/04/23,7955.92,7968.79,7913.6,7942.77
102/04/24,7977.4,8025.45,7968.28,8023.71
102/04/25,8015.38,8026.46,7994.19,8021.75
102/04/26,8034.47,8081.37,8020.47,8022.06
102/04/29,8043.71,8046.22,8014.27,8029.74
102/04/30,8065.92,8115.59,8065.92,8093.66
102/05/02,8111.43,8139.49,8095.7,8128.51
102/05/03,8157.51,8175.33,8121.07,8135.03
102/05/06,8188.48,8197.52,8153.96,8169.05
102/05/07,8177.58,8181.8,8145.1,8163.06
102/05/08,8177.94,8284.09,8177.94,8267.09
102/05/09,8314.37,8322.69,8279.46,8285.89
102/05/10,8284.38,8297.33,8258.62,8280.26
102/05/13,8285.45,8296.54,8230.65,8248.32
102/05/14,8272.2,8295.41,8233.98,8251.82
102/05/15,8264.1,8320.32,8251.51,8318.59
102/05/16,8362.49,8414.88,8346.45,8390.05
102/05/17,8377.26,8402.34,8356.79,8368.19
102/05/20,8364.95,8385.68,8347.33,8377.05
102/05/21,8381.36,8420.68,8361.96,8383.05
102/05/22,8414.06,8439.15,8376.21,8398.84
102/05/23,8367.85,8373.09,8235.5,8237.83
102/05/24,8273.21,8277.56,8172.54,8209.78
102/05/27,8218.88,8280.1,8210.32,8280.1
102/05/28,8289.15,8303.71,8261.54,8263.05
102/05/29,8303.2,8344.21,8303.2,8337.9
102/05/30,8316.97,8316.97,8228.8,8243.29
102/05/31,8318.77,8334.44,8237.08,8254.8
102/06/03,8177.97,8225.79,8149.45,8201.02
102/06/04,8243.22,8250.17,8180.39,8191.22
102/06/05,8195.52,8216.31,8161.1,8181.91
102/06/06,8135.56,8162.25,8088.31,8096.14
102/06/07,8113.95,8146.78,8071.98,8095.2
102/06/10,8161.51,8190.87,8142.71,8160.55
102/06/11,8178.95,8178.95,8116.15,8116.15
102/06/13,8041.5,8057.33,7951.66,7951.66
102/06/14,7978.75,7989.19,7912.37,7937.74
102/06/17,7953.65,7999.43,7940.72,7992.89
102/06/18,7994.81,8024.95,7955.74,8011.02
102/06/19,8033.32,8056.19,8005.57,8007.39
102/06/20,7952.36,7962.76,7890.93,7898.91
102/06/21,7778.84,7815.79,7739.09,7793.31
102/06/24,7788.45,7815.1,7744.49,7758.03
102/06/25,7750.34,7792.27,7663.23,7663.23
102/06/26,7789.34,7821.14,7742.2,7784.8
102/06/27,7841.32,7884.13,7834.33,7883.9
102/06/28,7928.54,8062.21,7891.06,8062.21
102/07/01,8011.95,8063.47,7974.15,8036.0
102/07/02,8061.84,8064.12,8012.79,8015.86
102/07/03,7991.53,7995.3,7899.08,7911.42
102/07/04,7919.26,7927.08,7877.06,7893.72
102/07/05,7932.3,8018.93,7926.35,8001.82
102/07/08,7980.11,7992.16,7885.0,7886.34
102/07/09,7891.53,7975.64,7891.37,7971.18
102/07/10,7974.99,8057.92,7974.99,8011.69
102/07/11,8080.97,8179.54,8080.97,8179.54
102/07/12,8187.86,8220.49,8169.92,8220.49
102/07/15,8178.26,8254.68,8175.55,8254.68
102/07/16,8243.62,8260.11,8222.17,8260.11
102/07/17,8239.1,8260.25,8208.71,8258.95
102/07/18,8238.28,8265.7,8181.99,8194.88
102/07/19,8117.94,8139.81,8046.7,8062.03
102/07/22,8092.03,8137.37,8092.03,8105.45
102/07/23,8152.72,8220.89,8145.09,8214.65
102/07/24,8222.85,8233.1,8172.23,8196.19
102/07/25,8173.19,8203.49,8140.41,8163.58
102/07/26,8188.36,8222.82,8135.73,8149.4
102/07/29,8146.14,8163.89,8074.29,8084.5
102/07/30,8113.17,8176.74,8112.91,8163.55
102/07/31,8163.44,8170.57,8107.6,8107.94
102/08/01,8110.73,8113.4,8056.22,8056.22
102/08/02,8114.51,8162.91,8087.1,8099.88
102/08/05,8104.2,8143.44,8075.99,8138.63
102/08/06,8129.85,8129.85,8028.93,8038.91
102/08/07,7993.57,7993.57,7921.29,7921.29
102/08/08,7910.2,7932.35,7894.18,7907.67
102/08/09,7955.0,7955.0,7853.97,7856.14
102/08/12,7878.22,7908.68,7862.04,7903.38
102/08/13,7935.79,7986.27,7935.79,7986.27
102/08/14,7978.74,7981.56,7926.23,7951.33
102/08/15,7903.01,7916.02,7850.27,7887.26
102/08/16,7854.68,7949.43,7850.49,7925.0
102/08/19,7937.45,7944.74,7888.87,7900.21
102/08/20,7896.38,7924.52,7829.78,7832.65
102/08/22,7779.44,7825.56,7737.33,7814.38
102/08/23,7863.73,7895.13,7845.92,7873.31
102/08/26,7906.52,7913.74,7874.05,7894.97
102/08/27,7875.93,7895.23,7820.84,7820.84
102/08/28,7776.87,7834.11,7761.76,7824.54
102/08/29,7841.99,7931.05,7841.99,7917.66
102/08/30,7949.99,8021.89,7936.82,8021.89
102/09/02,8010.15,8052.71,7993.13,8038.86
102/09/03,8095.66,8102.66,8067.62,8088.37
102/09/04,8066.67,8094.12,8041.49,8083.44
102/09/05,8109.24,8169.1,8107.22,8169.1
102/09/06,8180.53,8182.56,8155.5,8164.2
102/09/09,8176.47,8192.11,8117.87,8192.11
102/09/10,8217.21,8238.91,8155.87,8208.77
102/09/11,8174.54,8208.99,8137.07,8208.99
102/09/12,8180.38,8226.61,8177.03,8225.36
102/09/13,8210.15,8228.67,8162.14,8168.2
102/09/14,8169.41,8176.76,8142.48,8142.48
102/09/16,8189.61,8255.34,8189.61,8255.34
102/09/17,8241.03,8249.78,8218.94,8249.78
102/09/18,8248.18,8263.05,8209.18,8209.18
102/09/23,8226.8,8293.03,8221.34,8292.83
102/09/24,8295.5,8310.94,8265.55,8299.12
102/09/25,8283.6,8285.28,8253.43,8283.9
102/09/26,8290.1,8290.1,8184.68,8184.68
102/09/27,8222.13,8244.86,8207.72,8230.68
102/09/30,8174.86,8204.4,8137.11,8173.87
102/10/01,8173.99,8222.38,8172.79,8187.02
102/10/02,8215.96,8228.81,8204.34,8216.52
102/10/03,8231.68,8376.79,8231.68,8359.02
102/10/04,8345.82,8376.06,8336.61,8364.55
102/10/07,8354.91,8361.5,8323.79,8333.66
102/10/08,8340.33,8375.65,8311.59,8375.65
102/10/09,8352.25,8378.37,8330.79,8344.73
102/10/11,8407.45,8433.53,8349.37,8349.37
102/10/14,8339.99,8343.65,8269.16,8273.96
102/10/15,8320.48,8368.02,8320.48,8367.88
102/10/16,8384.03,8384.03,8332.18,8332.18
102/10/17,8390.88,8415.16,8364.89,8374.68
102/10/18,8416.33,8441.19,8390.32,8441.19
102/10/21,8456.68,8459.3,8400.06,8419.32
102/10/22,8407.62,8425.31,8376.27,8418.27
102/10/23,8419.8,8438.95,8380.15,8393.62
102/10/24,8364.45,8413.72,8346.52,8413.72
102/10/25,8380.31,8390.25,8322.15,8346.62
102/10/28,8365.43,8414.81,8348.42,8407.83
102/10/29,8394.85,8432.9,8380.21,8420.98
102/10/30,8429.4,8465.06,8419.21,8465.06
102/10/31,8437.76,8469.58,8424.47,8450.06
102/11/01,8474.47,8476.63,8378.94,8388.18
102/11/04,8371.83,8371.83,8333.63,8354.14
102/11/05,8354.92,8372.8,8262.2,8262.2
102/11/06,8275.07,8297.57,8232.5,8281.97
102/11/07,8298.06,8298.06,8250.72,8283.71
102/11/08,8235.3,8266.72,8216.33,8229.59
102/11/11,8228.9,8242.41,8168.92,8182.56
102/11/12,8233.62,8233.62,8160.17,8195.26
102/11/13,8199.26,8199.26,8104.26,8104.26
102/11/14,8137.82,8161.7,8100.73,8134.91
102/11/15,8168.9,8210.1,8160.28,8177.12
102/11/18,8201.85,8226.61,8186.47,8191.46
102/11/19,8215.0,8260.82,8215.0,8260.21
102/11/20,8250.31,8262.91,8204.46,8204.46
102/11/21,8197.86,8203.45,8093.82,8099.45
102/11/22,8107.98,8142.72,8107.98,8116.78
102/11/25,8182.9,8217.62,8182.9,8187.51
102/11/26,8200.7,8281.38,8187.28,8248.02
102/11/27,8287.63,8312.32,8279.51,8295.88
102/11/28,8320.65,8377.81,8320.65,8362.43
102/11/29,8374.14,8414.79,8365.32,8406.83
102/12/02,8429.24,8437.13,8391.82,8414.61
102/12/03,8407.74,8418.23,8390.73,8392.55
102/12/04,8379.44,8435.23,8375.79,8418.0
102/12/05,8430.53,8437.6,8362.39,8375.54
102/12/06,8372.61,8410.19,8361.99,8367.72
102/12/09,8439.76,8477.87,8433.81,8444.62
102/12/10,8451.81,8459.49,8421.59,8443.39
102/12/11,8450.96,8501.77,8413.52,8433.77
102/12/12,8405.62,8406.93,8361.33,8361.33
102/12/13,8355.01,8391.82,8346.83,8376.94
102/12/16,8368.83,8374.21,8313.87,8313.87
102/12/17,8351.98,8384.26,8351.98,8352.93
102/12/18,8361.75,8375.52,8333.31,8349.04
102/12/19,8400.39,8426.08,8378.78,8407.4
102/12/20,8400.21,8439.37,8392.38,8408.53
102/12/23,8441.16,8477.47,8441.16,8456.46
102/12/24,8473.02,8478.09,8450.49,8450.49
102/12/25,8461.49,8484.05,8457.87,8467.76
102/12/26,8467.73,8492.71,8465.85,8485.89
102/12/27,8490.73,8543.5,8488.44,8535.04
102/12/30,8552.13,8623.43,8552.13,8623.43
102/12/31,8636.5,8647.24,8593.75,8611.51
103/01/02,8618.6,8632.81,8587.54,8612.54
103/01/03,8584.74,8584.74,8537.86,8546.54
103/01/06,8553.0,8568.24,8488.64,8500.01
103/01/07,8515.36,8547.19,8512.3,8512.3
103/01/08,8548.61,8587.08,8548.61,8556.01
103/01/09,8555.8,8569.11,8506.02,8514.68
103/01/10,8559.18,8559.18,8521.5,8529.35
103/01/13,8587.49,8607.23,8558.96,8566.2
103/01/14,8545.46,8568.31,8523.46,8548.14
103/01/15,8567.81,8619.56,8567.81,8602.55
103/01/16,8653.54,8668.95,8610.24,8612.11
103/01/17,8628.49,8628.86,8580.49,8596.0
103/01/20,8595.59,8636.21,8584.5,8621.56
103/01/21,8639.71,8650.14,8599.9,8599.9
103/01/22,8598.98,8633.57,8596.99,8625.3
103/01/23,8644.56,8647.87,8595.1,8595.1
103/01/24,8581.49,8608.64,8577.14,8598.31
103/01/27,8519.48,8519.48,8442.19,8462.57
103/02/05,8290.17,8313.83,8230.46,8264.48
103/02/06,8286.16,8333.56,8284.77,8311.01
103/02/07,8383.99,8409.03,8356.93,8387.35
103/02/10,8416.42,8447.02,8391.95,8391.95
103/02/11,8413.86,8439.33,8401.54,8430.56
103/02/12,8471.51,8510.87,8471.51,8510.87
103/02/13,8506.22,8511.02,8467.7,8467.7
103/02/14,8524.54,8566.99,8508.24,8513.68
103/02/17,8537.83,8558.5,8512.6,8519.55
103/02/18,8530.81,8556.23,8506.06,8556.23
103/02/19,8565.06,8577.01,8543.15,8577.01
103/02/20,8555.27,8567.5,8513.08,8524.62
103/02/21,8571.29,8612.08,8571.29,8601.86
103/02/24,8603.61,8612.21,8541.65,8560.61
103/02/25,8581.14,8598.73,8564.51,8575.62
103/02/26,8569.04,8626.68,8563.87,8600.86
103/02/27,8626.51,8647.9,8615.41,8639.58
103/03/03,8627.15,8628.05,8545.24,8601.98
103/03/04,8583.58,8595.59,8554.54,8554.54
103/03/05,8622.19,8652.22,8622.19,8632.93
103/03/06,8660.29,8719.17,8660.29,8713.79
103/03/07,8754.74,8787.62,8698.6,8713.96
103/03/10,8706.43,8712.88,8651.54,8665.24
103/03/11,8694.96,8716.31,8684.63,8702.33
103/03/12,8671.4,8684.73,8651.99,8684.73
103/03/13,8737.81,8768.66,8732.15,8747.79
103/03/14,8697.73,8709.56,8677.81,8687.63
103/03/17,8697.26,8708.4,8662.49,8700.1
103/03/18,8747.38,8759.55,8713.51,8731.94
103/03/19,8745.02,8749.8,8682.75,8689.46
103/03/20,8638.59,8638.59,8580.4,8597.33
103/03/21,8642.82,8642.82,8562.57,8577.17
103/03/24,8540.27,8605.38,8508.01,8605.38
103/03/25,8589.19,8689.3,8589.19,8689.3
103/03/26,8741.03,8746.71,8717.79,8737.27
103/03/27,8737.56,8780.42,8723.82,8779.57
103/03/28,8779.91,8812.41,8751.07,8774.64
103/03/31,8802.93,8849.28,8769.97,8849.28
103/04/01,8847.34,8873.15,8826.16,8873.15
103/04/02,8906.52,8922.79,8883.14,8905.45
103/04/03,8902.94,8913.74,8871.16,8888.54
103/04/07,8844.91,8876.44,8828.59,8876.44
103/04/08,8878.88,8899.12,8860.7,8888.25
103/04/09,8912.39,8936.57,8912.39,8930.57
103/04/10,8964.34,8978.52,8898.3,8948.1
103/04/11,8900.13,8909.97,8848.24,8908.05
103/04/14,8897.23,8899.51,8852.66,8857.42
103/04/15,8898.65,8918.94,8889.44,8916.71
103/04/16,8921.07,8968.56,8894.29,8923.82
103/04/17,8942.23,8962.66,8921.56,8944.16
103/04/18,8994.77,9002.7,8945.56,8966.66
103/04/21,8961.52,8965.58,8938.47,8951.19
103/04/22,8956.22,8989.06,8955.19,8974.71
103/04/23,9009.59,9022.28,8947.86,8956.92
103/04/24,8968.82,8971.94,8926.55,8945.45
103/04/25,8945.81,8951.06,8749.51,8774.12
103/04/28,8680.14,8825.93,8671.65,8809.71
103/04/29,8845.6,8884.48,8833.37,8872.11
103/04/30,8885.7,8890.09,8791.44,8791.44
103/05/02,8846.86,8875.9,8839.92,8867.32
103/05/05,8895.87,8911.08,8844.45,8870.43
103/05/06,8888.45,8927.39,8853.72,8912.39
103/05/07,8903.72,8911.03,8856.98,8893.22
103/05/08,8925.21,8941.46,8891.74,8930.9
103/05/09,8943.14,8945.63,8878.32,8889.69
103/05/12,8893.72,8898.31,8803.43,8808.61
103/05/13,8865.61,8886.66,8809.06,8817.94
103/05/14,8842.05,8875.16,8812.19,8875.16
103/05/15,8852.92,8880.65,8839.44,8880.65
103/05/16,8857.12,8896.72,8816.92,8888.45
103/05/19,8901.54,8912.35,8877.46,8899.9
103/05/20,8922.08,8930.79,8887.79,8887.79
103/05/21,8894.16,8905.04,8848.53,8862.42
103/05/22,8899.82,8969.63,8899.82,8969.63
103/05/23,8960.79,9008.22,8960.79,9008.22
103/05/26,9040.49,9053.75,9026.77,9036.12
103/05/27,9045.08,9059.19,9035.69,9055.29
103/05/28,9072.04,9125.14,9069.89,9121.71
103/05/29,9123.46,9131.66,9093.57,9109.0
103/05/30,9130.66,9139.57,9075.91,9075.91
103/06/03,9106.61,9128.34,9070.45,9123.46
103/06/04,9135.01,9140.55,9114.18,9119.96
103/06/05,9127.56,9140.72,9094.13,9140.72
103/06/06,9167.83,9174.77,9122.56,9134.46
103/06/09,9153.93,9166.58,9138.93,9162.74
103/06/10,9181.9,9222.37,9171.75,9222.37
103/06/11,9218.5,9229.8,9204.76,9229.8
103/06/12,9209.99,9220.89,9186.79,9204.65
103/06/13,9192.73,9207.74,9171.51,9196.39
103/06/16,9196.23,9214.19,9179.56,9202.93
103/06/17,9223.02,9249.87,9200.86,9240.6
103/06/18,9257.65,9316.64,9204.35,9279.93
103/06/19,9288.69,9324.4,9283.38,9316.81
103/06/20,9330.35,9339.83,9273.79,9273.79
103/06/23,9293.06,9302.65,9225.73,9228.35
103/06/24,9232.35,9276.24,9232.35,9246.2
103/06/25,9250.13,9255.87,9229.8,9242.16
103/06/26,9273.36,9320.94,9271.35,9320.94
103/06/27,9316.89,9330.95,9303.57,9306.83
103/06/30,9332.44,9393.07,9327.89,9393.07
103/07/01,9393.07,9463.06,9374.28,9441.92
103/07/02,9482.0,9547.05,9421.87,9484.96
103/07/03,9468.78,9538.65,9449.78,9526.23
103/07/04,9525.93,9550.11,9482.94,9510.05
103/07/07,9497.27,9520.2,9454.67,9520.2
103/07/08,9515.18,9540.57,9499.17,9530.98
103/07/09,9510.0,9522.99,9478.76,9489.98
103/07/10,9512.89,9568.75,9512.89,9565.12
103/07/11,9561.71,9591.27,9478.07,9495.84
103/07/14,9497.81,9545.99,9488.12,9520.3
103/07/15,9558.42,9593.68,9547.94,9569.17
103/07/16,9570.33,9574.13,9471.65,9484.73
103/07/17,9420.11,9461.86,9373.87,9408.24
103/07/18,9335.38,9421.34,9335.38,9400.97
103/07/21,9453.78,9480.14,9426.3,9440.97
103/07/22,9453.23,9499.36,9418.74,9499.36
103/07/24,9508.26,9538.07,9483.52,9527.54
103/07/25,9519.99,9528.7,9412.48,9439.29
103/07/28,9415.9,9460.43,9385.56,9420.18
103/07/29,9457.8,9483.75,9357.32,9391.88
103/07/30,9409.62,9456.03,9398.82,9447.02
103/07/31,9436.04,9438.97,9313.87,9315.85
103/08/01,9223.75,9274.64,9201.83,9266.51
103/08/04,9280.29,9330.19,9258.18,9330.19
103/08/05,9316.82,9316.82,9141.44,9141.44
103/08/06,9148.36,9163.81,9070.09,9143.97
103/08/07,9162.65,9172.88,9108.85,9131.44
103/08/08,9120.2,9120.2,9014.89,9085.96
103/08/11,9109.83,9184.96,9107.21,9172.91
103/08/12,9188.85,9198.1,9146.98,9163.12
103/08/13,9155.02,9231.66,9147.14,9231.31
103/08/14,9276.41,9282.01,9218.55,9230.61
103/08/15,9243.67,9243.67,9172.91,9206.81
103/08/18,9222.73,9222.73,9128.66,9141.31
103/08/19,9188.63,9255.09,9188.63,9243.78
103/08/20,9278.15,9294.49,9249.31,9288.05
103/08/21,9286.82,9289.02,9217.97,9253.38
103/08/22,9273.07,9380.6,9271.87,9380.1
103/08/25,9393.24,9409.35,9369.24,9390.62
103/08/26,9394.28,9418.77,9386.49,9393.96
103/08/27,9426.29,9491.75,9426.29,9485.59
103/08/28,9499.22,9502.42,9453.49,9478.37
103/08/29,9459.81,9470.15,9425.35,9436.27
103/09/01,9474.41,9532.66,9472.96,9513.06
103/09/02,9503.65,9503.65,9388.13,9399.72
103/09/03,9434.88,9455.78,9396.79,9450.35
103/09/04,9439.76,9439.76,9389.29,9428.89
103/09/05,9446.45,9451.39,9365.7,9407.94
103/09/09,9452.14,9465.93,9426.99,9434.77
103/09/10,9410.62,9410.62,9309.05,9357.61
103/09/11,9376.38,9381.05,9322.95,9322.95
103/09/12,9324.74,9333.28,9223.18,9223.18
103/09/15,9206.41,9242.23,9175.61,9217.46
103/09/16,9218.85,9219.42,9133.4,9133.4
103/09/17,9171.04,9252.38,9159.85,9195.17
103/09/18,9211.8,9237.88,9201.91,9237.03
103/09/19,9268.44,9289.22,9235.44,9240.45
103/09/22,9220.54,9220.54,9106.27,9134.65
103/09/23,9134.29,9147.21,9084.9,9084.9
103/09/24,9071.8,9123.11,9071.8,9098.49
103/09/25,9126.76,9149.41,8982.51,9011.59
103/09/26,8957.56,9001.98,8913.51,8989.82
103/09/29,9018.46,9018.46,8948.09,8960.76
103/09/30,8954.58,8998.83,8860.17,8966.92
103/10/01,8958.87,9014.26,8918.96,8990.26
103/10/02,8959.37,9010.27,8913.01,8975.19
103/10/03,9010.3,9113.8,8998.27,9106.28
103/10/06,9118.28,9122.54,9065.34,9095.14
103/10/07,9065.67,9074.8,8993.45,9040.81
103/10/08,8989.99,9038.61,8955.18,8955.18
103/10/09,9021.31,9054.67,8946.16,8966.44
103/10/13,8767.42,8795.77,8711.39,8711.39
103/10/14,8691.83,8768.39,8684.19,8768.39
103/10/15,8769.39,8776.91,8635.41,8655.51
103/10/16,8602.65,8676.46,8501.29,8633.69
103/10/17,8688.71,8699.77,8512.88,8512.88
103/10/20,8617.08,8679.85,8611.17,8663.14
103/10/21,8676.32,8676.32,8636.67,8654.64
103/10/22,8744.91,8775.35,8729.77,8748.83
103/10/23,8735.38,8751.67,8714.88,8731.07
103/10/24,8740.28,8750.42,8629.24,8646.01
103/10/27,8671.51,8689.67,8607.23,8627.78
103/10/28,8692.52,8788.28,8692.52,8773.55
103/10/29,8821.85,8903.68,8821.85,8903.68
103/10/30,8890.19,8892.99,8842.8,8888.07
103/10/31,8909.34,8974.76,8885.21,8974.76
103/11/03,9009.38,9029.71,8965.5,9004.86
103/11/04,9030.96,9046.22,8980.96,8989.18
103/11/05,8997.76,9013.06,8941.18,8962.6
103/11/06,8968.79,8979.97,8887.36,8891.02
103/11/07,8881.19,8925.62,8867.78,8912.62
103/11/10,8937.59,9062.89,8937.59,9049.98
103/11/11,9067.54,9069.44,9021.54,9034.14
103/11/12,9030.13,9030.13,8894.11,8918.95
103/11/13,8947.97,8980.67,8927.09,8980.67
103/11/14,8992.4,8996.38,8950.23,8982.88
103/11/17,9003.37,9024.0,8878.38,8884.39
103/11/18,8916.08,8944.26,8828.15,8859.07
103/11/19,8896.16,8988.64,8879.29,8963.24
103/11/20,8984.93,9078.87,8984.93,9078.87
103/11/21,9104.34,9111.18,9071.86,9091.53
103/11/24,9144.42,9165.71,9104.54,9122.33
103/11/25,9125.27,9153.55,9098.32,9116.24
103/11/26,9125.08,9146.04,9112.19,9122.39
103/11/27,9153.49,9217.73,9153.49,9165.31
103/11/28,9163.19,9201.8,9158.28,9187.15
103/12/01,9038.41,9164.54,8998.55,9117.71
103/12/02,9098.36,9104.84,9009.69,9034.79
103/12/03,9073.47,9188.32,9045.2,9175.26
103/12/04,9212.85,9251.85,9195.15,9225.11
103/12/05,9220.25,9240.51,9192.29,9206.57
103/12/08,9231.24,9241.63,9174.51,9187.29
103/12/09,9163.43,9177.14,9127.12,9128.9
103/12/10,9115.33,9140.49,9015.52,9032.16
103/12/11,9003.84,9046.4,8971.53,9013.07
103/12/12,9041.54,9084.27,9022.56,9027.33
103/12/15,8987.95,8997.08,8943.04,8985.63
103/12/16,8967.82,9031.07,8950.91,8950.91
103/12/17,8961.64,8972.12,8826.03,8828.36
103/12/18,8912.78,8946.42,8876.88,8878.63
103/12/19,8981.85,9035.77,8953.17,8999.52
103/12/22,9032.42,9099.85,9024.01,9095.0
103/12/23,9123.78,9138.15,9093.43,9097.71
103/12/24,9096.48,9186.18,9096.48,9186.18
103/12/25,9186.83,9198.04,9153.77,9158.7
103/12/26,9171.91,9214.07,9158.39,9214.07
103/12/27,9222.47,9228.65,9197.13,9218.5
103/12/29,9216.43,9313.33,9216.43,9286.28
103/12/30,9299.1,9338.06,9262.7,9268.43
103/12/31,9260.46,9307.26,9252.31,9307.26
104/01/05,9292.31,9292.31,9182.02,9274.11
104/01/06,9209.93,9209.93,9043.44,9048.34
104/01/07,9051.94,9108.66,9050.54,9080.09
104/01/08,9154.03,9246.62,9154.03,9238.03
104/01/09,9247.4,9284.57,9215.58,9215.58
104/01/12,9198.02,9229.65,9178.3,9178.3
104/01/13,9162.77,9253.82,9161.71,9231.8
104/01/14,9235.9,9242.2,9161.71,9180.23
104/01/15,9197.32,9219.43,9149.1,9165.09
104/01/16,9245.77,9256.86,9109.46,9138.29
104/01/19,9183.76,9247.09,9151.82,9174.06
104/01/20,9188.76,9259.31,9177.48,9251.69
104/01/21,9283.79,9319.71,9275.68,9319.71
104/01/22,9336.81,9386.56,9336.81,9369.51
104/01/23,9422.0,9471.8,9422.0,9470.94
104/01/26,9474.56,9478.53,9436.47,9477.67
104/01/27,9505.56,9523.73,9471.19,9521.59
104/01/28,9503.2,9515.29,9471.31,9510.92
104/01/29,9479.36,9482.13,9403.75,9426.9
104/01/30,9452.85,9466.65,9361.91,9361.91
104/02/02,9368.83,9410.43,9352.19,9386.99
104/02/03,9394.47,9460.17,9394.47,9448.73
104/02/04,9477.52,9533.88,9477.52,9513.92
104/02/05,9511.06,9517.42,9472.42,9512.05
104/02/06,9521.88,9521.88,9448.65,9456.18
104/02/09,9465.12,9465.12,9413.18,9421.5
104/02/10,9405.59,9435.07,9390.13,9393.7
104/02/11,9430.17,9488.72,9430.17,9462.22
104/02/12,9496.39,9500.35,9447.19,9496.31
104/02/13,9500.04,9542.09,9499.97,9529.51
104/02/24,9582.39,9638.48,9582.39,9629.37
104/02/25,9655.72,9699.54,9653.77,9699.54
104/02/26,9687.48,9688.07,9610.59,9622.1
104/03/02,9665.11,9690.43,9588.36,9601.36
104/03/03,9628.06,9642.95,9571.64,9605.77
104/03/04,9596.24,9635.18,9580.78,9621.73
104/03/05,9627.04,9631.04,9564.44,9595.09
104/03/06,9587.59,9645.77,9574.55,9645.77
104/03/09,9617.04,9617.04,9549.76,9562.98
104/03/10,9566.25,9583.78,9520.33,9536.53
104/03/11,9503.28,9561.81,9472.54,9523.18
104/03/12,9537.23,9608.02,9530.74,9596.0
104/03/13,9608.44,9633.51,9579.35,9579.35
104/03/16,9583.45,9590.76,9512.91,9512.91
104/03/17,9555.1,9629.8,9539.44,9539.44
104/03/18,9563.74,9653.43,9561.5,9653.43
104/03/19,9668.01,9745.59,9668.01,9736.73
104/03/20,9706.35,9749.69,9705.32,9749.69
104/03/23,9759.88,9775.63,9729.81,9758.09
104/03/24,9759.96,9768.71,9701.33,9731.66
104/03/25,9739.25,9743.58,9653.47,9667.83
104/03/26,9579.63,9619.12,9540.03,9619.12
104/03/27,9593.07,9608.44,9503.72,9503.72
104/03/30,9533.38,9556.25,9503.53,9521.87
104/03/31,9568.38,9594.75,9527.87,9586.44
104/04/01,9575.11,9575.11,9503.53,9507.66
104/04/02,9535.98,9628.95,9535.98,9600.32
104/04/07,9619.97,9653.97,9613.33,9641.9
104/04/08,9646.07,9654.67,9562.0,9571.97
104/04/09,9597.21,9663.05,9559.71,9568.04
104/04/10,9626.88,9648.34,9582.84,9617.7
104/04/13,9622.64,9666.52,9622.59,9666.52
104/04/14,9646.28,9664.1,9631.19,9642.22
104/04/15,9629.7,9654.15,9508.14,9540.06
104/04/16,9578.71,9656.87,9578.71,9656.87
104/04/17,9608.6,9615.52,9570.93,9570.93
104/04/20,9541.83,9572.65,9508.57,9552.85
104/04/21,9554.8,9598.86,9512.64,9533.98
104/04/22,9549.61,9630.79,9549.61,9613.0
104/04/23,9655.3,9814.88,9655.3,9797.49
104/04/24,9839.71,9961.31,9839.71,9913.28
104/04/27,9941.18,10002.58,9937.04,9973.12
104/04/28,9998.08,10014.28,9918.01,9956.83
104/04/29,9934.82,9978.87,9842.5,9853.83
104/04/30,9841.15,9894.9,9820.05,9820.05
104/05/04,9853.51,9871.65,9800.48,9845.04
104/05/05,9849.13,9855.64,9788.13,9820.13
104/05/06,9780.39,9829.43,9735.94,9818.2
104/05/07,9789.82,9789.82,9704.11,9704.11
104/05/08,9724.29,9760.51,9692.0,9692.0
104/05/11,9763.94,9797.19,9635.88,9663.72
104/05/12,9637.71,9702.67,9637.21,9680.73
104/05/13,9697.17,9743.33,9687.66,9724.11
104/05/14,9730.33,9734.55,9600.24,9610.83
104/05/15,9638.06,9644.83,9552.86,9579.48
104/05/18,9603.75,9612.44,9550.76,9606.1
104/05/19,9623.95,9722.8,9623.95,9716.77
104/05/20,9726.02,9736.09,9662.86,9685.31
104/05/21,9647.53,9647.53,9536.16,9578.56
104/05/22,9606.51,9674.77,9606.51,9638.8
104/05/25,9654.28,9654.28,9589.32,9645.17
104/05/26,9688.31,9724.36,9649.62,9669.41
104/05/27,9666.89,9710.29,9648.71,9693.54
104/05/28,9741.57,9766.21,9704.93,9712.84
104/05/29,9727.59,9747.27,9693.0,9701.07
104/06/01,9688.13,9692.34,9589.09,9625.69
104/06/02,9619.88,9657.02,9584.56,9614.26
104/06/03,9617.75,9645.48,9550.44,9556.52
104/06/04,9537.09,9558.77,9325.01,9348.63
104/06/05,9328.02,9371.41,9272.94,9340.13
104/06/08,9324.22,9419.22,9258.98,9368.43
104/06/09,9346.11,9363.52,9191.87,9191.87
104/06/10,9246.66,9334.5,9246.66,9298.5
104/06/11,9330.99,9358.48,9251.18,9302.49
104/06/12,9304.75,9339.33,9263.41,9301.93
104/06/15,9304.66,9324.94,9252.34,9259.48
104/06/16,9272.7,9272.7,9177.95,9212.78
104/06/17,9232.81,9242.22,9170.09,9189.83
104/06/18,9189.44,9243.84,9187.87,9218.37
104/06/22,9247.76,9371.48,9247.76,9341.77
104/06/23,9375.78,9438.39,9375.78,9391.14
104/06/24,9390.27,9409.44,9364.38,9397.31
104/06/25,9415.78,9500.57,9415.78,9476.34
104/06/26,9481.95,9489.91,9442.94,9462.57
104/06/29,9358.96,9358.96,9227.11,9236.1
104/06/30,9223.27,9323.02,9204.45,9323.02
104/07/01,9311.76,9404.76,9298.36,9375.23
104/07/02,9372.46,9400.68,9350.05,9379.24
104/07/03,9369.5,9369.5,9265.14,9358.23
104/07/06,9309.86,9347.54,9255.96,9255.96
104/07/07,9278.33,9332.97,9244.46,9250.16
104/07/08,9225.91,9225.91,8946.75,8976.11
104/07/09,8861.28,8946.24,8750.92,8914.13
104/07/13,8946.72,9041.88,8946.72,9033.92
104/07/14,9061.58,9124.76,9041.76,9041.76
104/07/15,9063.54,9089.47,9005.1,9054.2
104/07/16,9062.76,9085.31,9021.82,9042.21
104/07/17,9060.92,9079.23,9018.0,9045.98
104/07/20,9085.0,9124.88,8952.64,8975.0
104/07/21,8997.56,9010.71,8940.38,9005.96
104/07/22,8955.59,8968.39,8896.1,8918.7
104/07/23,8865.36,8895.88,8751.71,8791.12
104/07/24,8809.65,8811.76,8733.43,8767.86
104/07/27,8733.24,8733.24,8553.09,8556.68
104/07/28,8566.42,8635.88,8532.0,8582.49
104/07/29,8587.7,8619.41,8516.23,8563.48
104/07/30,8567.23,8697.18,8567.23,8651.49
104/07/31,8670.92,8676.29,8591.37,8665.34
104/08/03,8636.53,8636.53,8482.92,8524.41
104/08/04,8538.44,8590.3,8433.92,8510.86
104/08/05,8504.94,8563.01,8486.27,8542.27
104/08/06,8564.55,8586.24,8404.67,8449.56
104/08/07,8409.01,8458.04,8368.4,8442.29
104/08/10,8410.63,8484.18,8374.08,8466.84
104/08/11,8542.13,8586.22,8393.08,8394.14
104/08/12,8365.15,8376.59,8235.95,8283.38
104/08/13,8284.96,8348.39,8271.69,8311.74
104/08/14,8315.14,8343.98,8283.35,8305.64
104/08/17,8307.9,8308.54,8213.42,8213.42
104/08/18,8237.08,8277.22,8166.77,8177.22
104/08/19,8182.81,8182.81,7987.57,8021.84
104/08/20,8008.68,8063.8,7951.72,8029.81
104/08/21,7941.95,7941.95,7786.92,7786.92
104/08/24,7719.63,7719.63,7203.07,7410.34
104/08/25,7427.36,7677.93,7368.47,7675.64
104/08/26,7636.12,7762.45,7547.61,7715.59
104/08/27,7762.63,7856.4,7762.63,7824.55
104/08/28,7923.77,8039.76,7923.77,8019.18
104/08/31,8026.62,8174.92,7961.77,8174.92
104/09/01,8117.5,8119.9,8002.18,8017.56
104/09/02,7970.4,8068.06,7907.31,8035.29
104/09/03,8071.37,8101.13,8007.48,8095.95
104/09/04,8087.62,8128.23,7990.86,8000.6
104/09/07,7990.76,8053.2,7957.8,7986.56
104/09/08,7993.1,8031.26,7978.78,8001.5
104/09/09,8097.22,8296.13,8097.22,8286.92
104/09/10,8247.64,8274.82,8214.5,8268.68
104/09/11,8271.25,8313.18,8233.14,8305.82
104/09/14,8332.57,8360.03,8259.31,8307.29
104/09/15,8320.22,8327.95,8226.07,8259.99
104/09/16,8298.13,8342.36,8276.94,8333.29
104/09/17,8377.31,8467.15,8377.31,8445.5
104/09/18,8427.52,8488.53,8399.71,8462.14
104/09/21,8404.5,8404.5,8285.43,8307.04
104/09/22,8331.44,8365.92,8325.78,8365.92
104/09/23,8310.82,8310.82,8186.22,8193.42
104/09/24,8224.23,8257.14,8101.9,8123.1
104/09/25,8131.49,8152.5,8061.87,8132.35
104/09/30,8097.15,8181.24,8059.68,8181.24
104/10/01,8194.3,8317.79,8170.78,8295.94
104/10/02,8290.43,8320.66,8253.75,8305.03
104/10/05,8342.99,8364.59,8316.83,8352.36
104/10/06,8409.31,8482.83,8390.89,8394.1
104/10/07,8398.53,8495.23,8385.04,8495.23
104/10/08,8528.46,8544.93,8434.5,8445.96
104/10/12,8478.34,8578.22,8478.34,8573.72
104/10/13,8571.57,8574.11,8518.41,8567.92
104/10/14,8545.14,8553.87,8515.53,8522.51
104/10/15,8573.38,8652.47,8573.38,8601.52
104/10/16,8596.43,8627.83,8574.64,8604.95
104/10/19,8628.79,8670.32,8603.08,8631.5
104/10/20,8651.08,8663.12,8618.48,8653.6
104/10/21,8668.08,8690.39,8591.42,8609.23
104/10/22,8600.4,8631.17,8594.21,8608.46
104/10/23,8671.52,8740.08,8662.03,8673.81
104/10/26,8706.81,8757.14,8706.81,8745.36
104/10/27,8724.0,8733.53,8662.77,8701.32
104/10/28,8679.24,8714.01,8632.38,8665.99
104/10/29,8682.58,8704.59,8568.13,8571.08
104/10/30,8578.25,8586.9,8503.69,8554.31
104/11/02,8571.53,8614.77,8524.01,8614.77
104/11/03,8643.21,8728.06,8643.21,8713.19
104/11/04,8759.94,8864.17,8754.18,8857.02
104/11/05,8858.73,8871.87,8828.04,8850.18
104/11/06,8857.61,8857.61,8671.89,8693.57
104/11/09,8702.67,8746.28,8623.7,8642.48
104/11/10,8614.55,8614.55,8529.54,8536.9
104/11/11,8543.63,8557.69,8415.01,8415.01
104/11/12,8426.76,8467.31,8374.07,8428.09
104/11/13,8402.11,8453.04,8329.5,8329.5
104/11/16,8278.12,8312.06,8217.34,8295.4
104/11/17,8369.14,8471.89,8369.14,8419.42
104/11/18,8432.25,8455.14,8326.72,8340.47
104/11/19,8382.09,8477.2,8357.2,8477.2
104/11/20,8472.65,8484.06,8434.33,8465.45
104/11/23,8480.59,8503.08,8450.01,8485.73
104/11/24,8472.24,8497.83,8397.44,8400.14
104/11/25,8407.54,8426.62,8352.17,8386.13
104/11/26,8411.16,8510.7,8411.16,8484.9
104/11/27,8493.18,8505.08,8397.49,8398.4
104/11/30,8339.83,8339.83,8239.0,8320.61
104/12/01,8359.27,8463.3,8339.5,8463.3
104/12/02,8475.96,8497.19,8441.28,8457.4
104/12/03,8424.54,8484.52,8393.29,8456.06
104/12/04,8423.7,8423.7,8355.75,8398.6
104/12/07,8432.47,8535.36,8432.47,8454.27
104/12/08,8442.06,8453.63,8335.67,8343.86
104/12/09,8329.86,8343.37,8229.62,8229.62
104/12/10,8214.27,8228.43,8133.42,8216.17
104/12/11,8217.33,8253.11,8108.68,8115.89
104/12/14,8058.67,8068.98,7980.59,8040.16
104/12/15,8074.48,8140.06,8073.35,8073.35
104/12/16,8144.03,8204.2,8121.06,8184.66
104/12/17,8214.62,8319.67,8214.62,8319.67
104/12/18,8272.41,8317.48,8241.32,8257.32
104/12/21,8228.05,8289.59,8191.53,8282.17
104/12/22,8283.03,8316.44,8261.72,8292.74
104/12/23,8296.58,8359.25,8296.58,8315.7
104/12/24,8351.2,8393.41,8324.36,8324.36
104/12/25,8328.94,8364.3,8320.1,8363.28
104/12/28,8374.18,8394.6,8358.49,8358.49
104/12/29,8349.27,8351.16,8286.84,8293.91
104/12/30,8313.37,8342.34,8262.52,8279.99
104/12/31,8273.77,8338.06,8258.73,8338.06
105/01/04,8315.79,8326.33,8109.09,8114.26
105/01/05,8105.0,8142.64,8055.96,8075.11
105/01/06,8064.25,8076.54,7948.43,7990.39
105/01/07,7963.24,7980.5,7770.16,7852.06
105/01/08,7811.2,7906.55,7788.71,7893.97
105/01/11,7855.8,7855.8,7726.22,7788.42
105/01/12,7807.93,7851.81,7732.11,7768.45
105/01/13,7799.56,7865.98,7786.33,7824.61
105/01/14,7752.09,7752.09,7662.34,7742.88
105/01/15,7809.0,7842.34,7708.66,7762.01
105/01/18,7678.67,7834.25,7627.89,7811.18
105/01/19,7816.45,7854.88,7786.77,7854.88
105/01/20,7835.17,7835.17,7687.6,7699.12
105/01/21,7713.17,7748.37,7664.01,7664.01
105/01/22,7729.01,7774.12,7706.14,7756.18
105/01/25,7813.73,7899.66,7813.73,7894.15
105/01/26,7832.1,7848.63,7799.58,7828.67
105/01/27,7863.66,7888.63,7830.33,7849.83
105/01/28,7825.22,7921.06,7821.12,7905.1
105/01/29,7880.78,8080.6,7876.82,8080.6
105/01/30,8107.23,8149.5,8106.63,8145.21
105/02/01,8164.24,8166.8,8110.87,8156.96
105/02/02,8141.52,8156.25,8091.14,8131.24
105/02/03,8117.22,8117.22,8036.6,8063.0
105/02/15,7976.65,8074.8,7953.99,8066.51
105/02/16,8090.91,8227.19,8090.91,8212.07
105/02/17,8240.73,8253.8,8196.13,8214.25
105/02/18,8261.74,8337.97,8261.74,8314.67
105/02/19,8291.83,8325.04,8280.39,8325.04
105/02/22,8315.79,8396.62,8296.18,8326.68
105/02/23,8333.59,8361.79,8311.94,8334.64
105/02/24,8332.66,8382.25,8264.39,8282.86
105/02/25,8304.18,8388.63,8304.18,8365.86
105/02/26,8380.53,8432.74,8347.8,8411.16
105/03/01,8381.38,8489.01,8378.06,8485.69
105/03/02,8544.66,8586.25,8540.17,8544.05
105/03/03,8569.05,8630.77,8561.74,8611.79
105/03/04,8611.37,8648.94,8584.06,8643.55
105/03/07,8656.74,8727.88,8632.21,8659.55
105/03/08,8655.86,8668.51,8575.7,8664.31
105/03/09,8649.1,8657.17,8588.41,8634.11
105/03/10,8633.66,8680.43,8614.97,8660.7
105/03/11,8663.29,8707.97,8640.96,8706.14
105/03/14,8746.48,8777.05,8739.57,8747.9
105/03/15,8745.57,8759.94,8589.41,8611.18
105/03/16,8637.63,8699.14,8637.63,8699.14
105/03/17,8763.51,8826.84,8716.88,8734.54
105/03/18,8747.05,8810.71,8747.05,8810.71
105/03/21,8826.16,8840.75,8747.59,8812.7
105/03/22,8806.02,8814.37,8713.24,8785.68
105/03/23,8777.88,8814.5,8734.55,8766.09
105/03/24,8745.42,8765.96,8676.87,8743.38
105/03/25,8758.14,8765.62,8699.89,8704.97
105/03/28,8713.72,8737.86,8676.03,8690.45
105/03/29,8687.06,8711.11,8585.71,8617.35
105/03/30,8624.93,8744.47,8624.93,8737.04
105/03/31,8757.22,8803.91,8695.08,8744.83
105/04/01,8700.38,8704.53,8628.94,8657.55
105/04/06,8605.16,8605.16,8496.89,8513.3
105/04/07,8523.25,8529.44,8436.54,8490.25
105/04/08,8464.78,8546.31,8452.05,8541.5
105/04/11,8518.96,8568.44,8476.57,8562.59
105/04/12,8561.21,8613.56,8520.14,8531.18
105/04/13,8562.79,8653.08,8561.9,8652.08
105/04/14,8684.93,8719.15,8653.84,8667.71
105/04/15,8634.23,8700.39,8613.25,8700.39
105/04/18,8681.8,8686.98,8650.13,8666.01
105/04/19,8701.75,8743.35,8627.29,8633.72
105/04/20,8649.09,8695.22,8502.55,8514.48
105/04/21,8549.14,8568.65,8508.92,8568.65
105/04/22,8560.21,8580.33,8501.03,8535.75
105/04/25,8541.14,8560.28,8513.73,8560.28
105/04/26,8556.37,8622.42,8554.55,8581.57
105/04/27,8561.37,8597.64,8537.03,8563.05
105/04/28,8586.92,8595.99,8456.38,8473.87
105/04/29,8424.04,8424.04,8352.23,8377.9
105/05/03,8362.35,8363.59,8268.41,8294.12
105/05/04,8282.52,8285.96,8153.57,8185.47
105/05/05,8182.05,8207.98,8122.34,8167.96
105/05/06,8169.54,8170.68,8104.16,8146.43
105/05/09,8156.65,8177.36,8106.13,8131.83
105/05/10,8119.71,8168.13,8075.58,8156.29
105/05/11,8182.92,8204.51,8115.44,8135.56
105/05/12,8122.78,8162.44,8105.49,8108.05
105/05/13,8095.93,8095.93,7999.98,8053.69
105/05/16,8035.21,8091.48,8003.93,8067.6
105/05/17,8081.89,8151.2,8047.31,8140.48
105/05/18,8115.61,8159.68,8061.26,8159.68
105/05/19,8159.93,8166.96,8067.33,8095.98
105/05/20,8108.68,8165.98,8080.65,8131.26
105/05/23,8150.38,8356.96,8119.71,8344.44
105/05/24,8329.69,8354.62,8298.0,8300.66
105/05/25,8352.84,8417.27,8352.84,8396.2
105/05/26,8400.89,8410.74,8376.6,8394.12
105/05/27,8415.59,8463.61,8415.59,8463.61
105/05/30,8476.62,8563.4,8462.15,8535.87
105/05/31,8532.21,8545.73,8488.9,8535.59
105/06/01,8516.08,8603.63,8514.12,8597.16
105/06/02,8598.47,8635.03,8553.54,8556.02
105/06/03,8565.18,8601.05,8559.77,8587.36
105/06/04,8582.6,8594.35,8570.69,8591.57
105/06/06,8605.15,8664.12,8557.68,8597.11
105/06/07,8622.21,8692.73,8621.46,8679.9
105/06/08,8704.66,8754.82,8690.59,8715.48
105/06/13,8634.24,8634.24,8520.21,8536.22
105/06/14,8513.51,8577.31,8503.42,8576.12
105/06/15,8566.43,8608.29,8524.55,8606.37
105/06/16,8583.19,8584.67,8476.84,8494.14
105/06/17,8538.28,8607.16,8538.28,8568.08
105/06/20,8612.26,8642.15,8604.81,8625.92
105/06/21,8633.21,8684.85,8627.4,8684.85
105/06/22,8675.12,8716.25,8653.04,8716.25
105/06/23,8706.08,8711.21,8662.78,8676.68
105/06/24,8684.53,8691.3,8374.26,8476.99
105/06/27,8406.29,8468.66,8386.27,8458.87
105/06/28,8438.76,8505.51,8396.01,8505.51
105/06/29,8530.37,8609.23,8530.37,8586.56
105/06/30,8615.46,8666.58,8583.77,8666.58
105/07/01,8692.48,8755.62,8680.53,8738.24
105/07/04,8728.32,8782.38,8712.12,8760.58
105/07/05,8738.41,8747.06,8693.76,8716.07
105/07/06,8673.53,8673.53,8569.15,8575.75
105/07/07,8605.38,8653.7,8605.38,8640.91
105/07/11,8728.23,8795.8,8728.23,8786.47
105/07/12,8794.73,8841.46,8794.3,8841.46
105/07/13,8847.04,8865.42,8800.17,8857.75
105/07/14,8837.76,8877.31,8818.26,8866.36
105/07/15,8857.15,8949.85,8857.15,8949.85
105/07/18,8952.61,9008.21,8952.61,9008.21
105/07/19,9018.8,9034.87,8972.83,9034.87
105/07/20,9013.52,9034.13,8969.19,9007.68
105/07/21,9010.22,9075.89,9009.79,9056.56
105/07/22,9055.17,9060.15,9004.24,9013.14
105/07/25,9030.36,9085.91,8916.05,8991.67
105/07/26,8983.55,9024.79,8960.48,9024.79
105/07/27,9058.19,9084.9,9042.14,9063.39
105/07/28,9060.48,9081.4,9015.35,9076.64
105/07/29,9066.37,9071.51,8984.41,8984.41
105/08/01,9008.74,9080.71,9008.74,9080.71
105/08/02,9081.06,9086.42,9052.71,9068.76
105/08/03,9000.82,9033.95,8948.4,9001.71
105/08/04,9009.29,9035.25,8972.31,9024.71
105/08/05,9025.76,9101.71,9023.23,9092.12
105/08/08,9123.07,9153.99,9104.43,9150.26
105/08/09,9154.0,9168.34,9127.63,9155.08
105/08/10,9160.94,9200.42,9131.63,9200.42
105/08/11,9168.7,9187.18,9063.81,9131.83
105/08/12,9135.34,9173.72,9135.34,9150.39
105/08/15,9152.36,9162.02,9117.26,9148.51
105/08/16,9146.09,9165.58,9082.34,9110.36
105/08/17,9121.18,9133.07,9073.27,9117.7
105/08/18,9104.88,9128.8,9093.51,9122.5
105/08/19,9139.69,9175.13,9034.27,9034.27
105/08/22,9004.68,9012.72,8928.33,8981.81
105/08/23,8987.07,9046.3,8986.76,9030.93
105/08/24,9043.13,9054.76,9016.39,9017.38
105/08/25,9034.47,9115.47,9031.34,9115.47
105/08/26,9097.02,9131.72,9092.08,9131.72
105/08/29,9117.53,9136.42,9027.35,9110.17
105/08/30,9113.34,9134.37,9093.87,9110.56
105/08/31,9122.19,9130.76,9044.5,9068.85
105/09/01,9055.73,9069.13,8980.21,9001.15
105/09/02,9015.63,9038.48,8958.81,8987.55
105/09/05,9032.38,9100.05,9032.38,9090.13
105/09/06,9102.83,9181.85,9098.6,9181.85
105/09/07,9202.23,9278.88,9202.23,9259.07
105/09/08,9241.95,9273.57,9224.89,9262.89
105/09/09,9217.37,9217.37,9142.13,9164.88
105/09/10,9084.81,9084.81,9025.53,9053.69
105/09/12,9031.51,9031.51,8947.06,8947.06
105/09/13,8983.95,9014.75,8885.55,8940.83
105/09/14,8913.11,8965.32,8895.85,8902.3
105/09/19,9003.41,9155.38,9003.41,9152.88
105/09/20,9141.21,9173.46,9130.9,9161.58
105/09/21,9141.92,9228.5,9133.16,9228.5
105/09/22,9265.28,9290.76,9207.41,9235.26
105/09/23,9240.25,9284.62,9228.66,9284.62
105/09/26,9229.34,9229.34,9189.49,9194.52
105/09/29,9241.61,9303.13,9238.49,9270.9
105/09/30,9240.44,9240.65,9160.91,9166.85
105/10/03,9219.52,9256.58,9212.38,9234.2
105/10/04,9228.66,9287.77,9224.45,9287.77
105/10/05,9260.69,9276.13,9244.41,9272.28
105/10/06,9263.4,9284.31,9242.83,9284.31
105/10/07,9289.66,9289.95,9249.06,9265.81
105/10/11,9311.79,9327.71,9167.72,9219.82
105/10/12,9201.55,9258.69,9166.58,9252.6
105/10/13,9268.22,9285.05,9187.78,9219.17
105/10/14,9198.26,9216.63,9149.87,9165.17
105/10/17,9150.67,9182.67,9074.99,9176.22
105/10/18,9175.07,9222.58,9157.4,9222.58
105/10/19,9227.98,9298.87,9226.46,9283.99
105/10/20,9288.49,9331.89,9279.15,9317.24
105/10/21,9322.55,9348.09,9292.53,9306.57
105/10/24,9333.94,9343.57,9308.53,9322.5
105/10/25,9338.09,9399.97,9334.8,9385.65
105/10/26,9355.66,9372.74,9338.84,9362.25
105/10/27,9363.9,9370.32,9286.86,9299.55
105/10/28,9307.39,9320.57,9276.71,9306.92
105/10/31,9283.2,9314.34,9194.48,9290.12
105/11/01,9272.3,9289.12,9236.82,9272.7
105/11/02,9230.23,9230.23,9139.04,9139.04
105/11/03,9126.29,9154.19,9067.27,9067.27
105/11/04,9065.11,9098.88,9048.21,9068.15
105/11/07,9102.97,9191.67,9102.97,9189.84
105/11/08,9214.95,9230.2,9165.0,9217.43
105/11/09,9252.27,9296.86,8926.6,8943.2
105/11/10,9070.64,9179.18,9070.64,9152.18
105/11/11,9067.65,9067.65,8949.38,8957.76
105/11/14,8955.27,8991.94,8879.69,8940.4
105/11/15,8927.92,8981.05,8923.36,8931.03
105/11/16,8955.76,9032.31,8955.76,8962.22
105/11/17,8984.57,8998.23,8936.3,8995.26
105/11/18,8991.5,9025.98,8958.22,9008.79
105/11/21,9009.78,9049.76,8986.4,9041.11
105/11/22,9058.58,9161.19,9058.58,9133.39
105/11/23,9146.72,9202.72,9146.72,9178.23
105/11/24,9164.84,9183.16,9137.56,9152.11
105/11/25,9149.35,9191.34,9148.63,9159.07
105/11/28,9167.33,9241.54,9167.33,9222.24
105/11/29,9220.95,9249.06,9192.38,9192.38
105/11/30,9196.09,9240.71,9189.62,9240.71
105/12/01,9245.55,9278.96,9241.78,9263.53
105/12/02,9214.56,9214.56,9165.9,9189.49
105/12/05,9194.46,9212.19,9138.64,9160.66
105/12/06,9209.8,9280.65,9209.8,9250.77
105/12/07,9279.0,9299.92,9247.5,9263.89
105/12/08,9308.9,9376.41,9308.9,9375.86
105/12/09,9383.07,9399.25,9366.86,9392.68
105/12/12,9402.05,9430.34,9336.45,9349.94
105/12/13,9361.97,9382.14,9342.56,9382.14
105/12/14,9395.6,9413.13,9353.25,9368.52
105/12/15,9337.21,9370.51,9309.79,9360.35
105/12/16,9352.27,9379.75,9326.78,9326.78
105/12/19,9316.06,9317.03,9237.98,9239.32
105/12/20,9229.74,9258.69,9199.84,9242.41
105/12/21,9234.94,9263.5,9204.26,9204.26
105/12/22,9204.29,9209.72,9118.75,9118.75
105/12/23,9112.33,9128.83,9078.64,9078.64
105/12/26,9088.99,9127.74,9083.28,9110.54
105/12/27,9120.88,9132.05,9100.83,9109.27
105/12/28,9120.9,9203.56,9120.9,9201.4
105/12/29,9172.39,9196.02,9149.16,9153.09
105/12/30,9186.3,9259.09,9186.3,9253.5
106/01/03,9252.56,9273.65,9235.95,9272.88
106/01/04,9279.52,9299.62,9266.03,9286.96
106/01/05,9282.56,9358.42,9282.45,9358.14
106/01/06,9371.41,9381.11,9351.25,9372.22
106/01/09,9376.48,9404.9,9328.19,9342.42
106/01/10,9344.19,9353.6,9319.45,9349.64
106/01/11,9370.17,9384.0,9333.49,9345.74
106/01/12,9356.12,9430.58,9356.12,9410.18
106/01/13,9373.7,9387.68,9352.08,9378.83
106/01/16,9356.54,9359.01,9281.21,9292.33
106/01/17,9301.96,9354.53,9294.68,9354.53
106/01/18,9344.74,9350.95,9322.44,9341.97
106/01/19,9324.83,9337.64,9287.54,9318.12
106/01/20,9326.8,9350.07,9317.62,9331.46
106/01/23,9363.66,9427.46,9363.66,9424.05
106/01/24,9423.05,9468.34,9416.06,9447.95
106/02/02,9502.25,9521.34,9413.77,9428.97
106/02/03,9450.06,9478.01,9423.93,9455.56
106/02/06,9467.67,9548.68,9467.67,9538.01
106/02/07,9527.42,9555.8,9512.56,9554.56
106/02/08,9540.77,9564.07,9505.79,9543.25
106/02/09,9555.52,9600.09,9540.51,9590.18
106/02/10,9612.67,9688.15,9612.67,9665.59
106/02/13,9690.39,9711.43,9681.1,9710.32
106/02/14,9726.74,9760.01,9698.29,9718.78
106/02/15,9724.13,9813.98,9723.04,9799.76
106/02/16,9826.89,9869.59,9753.16,9771.25
106/02/17,9779.16,9791.59,9754.54,9759.76
106/02/18,9771.21,9791.35,9770.75,9779.92
106/02/20,9795.81,9817.14,9743.36,9753.2
106/02/21,9761.27,9775.49,9721.36,9763.93
106/02/22,9786.25,9820.07,9770.1,9778.78
106/02/23,9774.08,9810.56,9748.94,9769.31
106/02/24,9757.67,9784.39,9740.18,9750.47
106/03/01,9751.12,9758.78,9674.78,9674.78
106/03/02,9727.6,9774.6,9646.34,9691.8
106/03/03,9672.26,9679.82,9633.88,9648.21
106/03/06,9647.0,9688.5,9647.0,9682.63
106/03/07,9690.26,9738.07,9690.2,9738.07
106/03/08,9744.26,9773.49,9712.5,9753.45
106/03/09,9740.05,9743.78,9650.32,9658.61
106/03/10,9653.79,9656.65,9562.75,9627.89
106/03/13,9656.56,9697.34,9656.56,9697.34
106/03/14,9720.53,9767.66,9720.53,9744.21
106/03/15,9741.29,9749.01,9714.58,9740.31
106/03/16,9768.85,9842.17,9768.85,9837.83
106/03/17,9845.59,9908.69,9835.51,9908.69
106/03/20,9905.81,9916.18,9869.35,9912.97
106/03/21,9923.18,9976.61,9918.39,9972.49
106/03/22,9911.96,9922.66,9843.07,9922.66
106/03/23,9921.97,9945.24,9897.45,9930.74
106/03/24,9914.12,9932.68,9892.31,9902.98
106/03/27,9907.6,9917.85,9859.53,9876.77
106/03/28,9909.99,9924.14,9799.28,9876.45
106/03/29,9887.0,9906.76,9831.63,9856.25
106/03/30,9869.28,9878.62,9836.33,9848.15
106/03/31,9846.38,9869.65,9811.52,9811.52
106/04/05,9856.44,9949.48,9856.44,9949.48
106/04/06,9946.66,9946.66,9879.85,9897.8
106/04/07,9892.98,9900.88,9788.52,9873.37
106/04/10,9880.29,9898.64,9859.03,9882.54
106/04/11,9881.53,9896.59,9820.41,9832.42
106/04/12,9831.56,9837.19,9789.59,9817.68
106/04/13,9808.83,9868.45,9800.8,9836.68
106/04/14,9806.15,9808.33,9730.94,9732.93
106/04/17,9740.81,9762.47,9670.11,9716.4
106/04/18,9735.76,9771.07,9727.26,9746.56
106/04/19,9725.39,9725.39,9631.64,9639.94
106/04/20,9639.93,9664.24,9622.25,9632.69
106/04/21,9657.05,9718.82,9657.05,9717.41
106/04/24,9742.91,9772.96,9683.7,9717.95
106/04/25,9737.82,9841.71,9737.82,9841.71
106/04/26,9859.11,9865.88,9827.47,9856.45
106/04/27,9859.45,9863.52,9823.85,9860.62
106/04/28,9868.38,9897.04,9845.84,9872.0
106/05/02,9926.44,9951.14,9925.75,9941.27
106/05/03,9957.62,9979.91,9937.99,9955.33
106/05/04,9962.73,9973.76,9938.96,9967.64
106/05/05,9954.94,9960.99,9899.94,9899.94
106/05/08,9934.13,9964.86,9900.07,9937.25
106/05/09,9967.01,10001.94,9899.08,9915.48
106/05/10,9935.22,9971.98,9932.17,9968.32
106/05/11,9968.51,10018.79,9964.3,10001.48
106/05/12,9981.77,10008.25,9961.37,9986.82
106/05/15,9978.28,10036.82,9978.28,10036.82
106/05/16,10037.58,10058.59,9991.08,10031.49
106/05/17,10019.62,10029.62,9967.97,10013.67
106/05/18,9952.64,9969.45,9895.65,9969.45
106/05/19,9970.4,9979.73,9947.14,9947.62
106/05/22,9965.08,9997.26,9960.94,9997.26
106/05/23,9994.68,10038.2,9992.58,10007.84
106/05/24,10014.15,10059.74,10014.15,10044.42
106/05/25,10059.91,10108.49,10059.2,10108.49
106/05/26,10090.18,10121.88,10072.84,10101.95
106/05/31,10095.95,10116.13,10025.88,10040.72
106/06/01,10064.44,10100.37,10059.93,10087.42
106/06/02,10117.76,10152.53,10117.06,10152.53
106/06/03,10155.56,10164.98,10140.28,10158.15
106/06/05,10164.89,10226.84,10164.89,10226.84
106/06/06,10213.17,10221.64,10190.39,10206.18
106/06/07,10216.14,10242.39,10183.15,10209.99
106/06/08,10215.93,10235.7,10211.0,10225.78
106/06/09,10238.55,10268.37,10198.8,10199.65
106/06/12,10137.04,10158.64,10109.96,10109.96
106/06/13,10109.7,10146.67,10109.7,10128.15
106/06/14,10142.8,10165.31,10033.25,10072.46
106/06/15,10079.14,10089.07,10046.8,10088.35
106/06/16,10078.69,10159.47,10073.12,10156.73
106/06/19,10162.22,10250.6,10162.22,10250.6
106/06/20,10286.79,10354.37,10286.79,10324.46
106/06/21,10310.97,10379.82,10274.75,10349.72
106/06/22,10369.08,10403.36,10368.93,10399.06
106/06/23,10403.56,10422.33,10374.01,10377.7
106/06/26,10341.86,10513.96,10341.86,10513.96
106/06/27,10513.0,10545.7,10489.1,10512.06
106/06/28,10459.17,10459.17,10382.81,10390.55
106/06/29,10442.18,10476.51,10390.9,10421.65
106/06/30,10367.26,10395.07,10329.84,10395.07
106/07/03,10368.99,10412.79,10363.5,10412.79
106/07/04,10397.93,10421.72,10347.78,10347.78
106/07/05,10352.39,10404.79,10304.74,10404.79
106/07/06,10380.66,10381.2,10336.32,10368.2
106/07/07,10343.3,10343.3,10294.69,10297.25
106/07/10,10310.74,10331.11,10283.95,10289.91
106/07/11,10313.08,10415.57,10313.08,10415.57
106/07/12,10396.97,10450.87,10393.54,10420.68
106/07/13,10418.74,10485.28,10418.74,10460.15
106/07/14,10450.92,10466.34,10423.4,10443.91
106/07/17,10467.27,10490.05,10436.31,10457.54
106/07/18,10447.47,10481.26,10429.85,10481.26
106/07/19,10472.81,10537.42,10472.81,10506.1
106/07/20,10513.12,10534.52,10483.54,10499.36
106/07/21,10468.47,10477.72,10428.56,10436.7
106/07/24,10426.13,10461.28,10406.81,10461.28
106/07/25,10455.14,10473.98,10442.85,10463.15
106/07/26,10477.15,10500.11,10416.57,10419.11
106/07/27,10427.83,10516.23,10427.83,10508.37
106/07/28,10480.67,10480.67,10410.53,10423.05
106/07/31,10396.76,10427.33,10366.17,10427.33
106/08/01,10408.53,10470.03,10408.53,10437.29
106/08/02,10479.26,10519.27,10479.26,10519.27
106/08/03,10464.1,10478.62,10427.72,10469.88
106/08/04,10470.96,10510.7,10466.25,10506.56
106/08/07,10521.69,10592.31,10521.69,10579.38
106/08/08,10598.59,10619.42,10533.72,10568.97
106/08/09,10523.51,10536.19,10457.52,10470.38
106/08/10,10470.03,10477.79,10303.47,10329.74
106/08/11,10267.05,10338.06,10238.5,10329.57
106/08/14,10347.66,10365.22,10225.28,10225.28
106/08/15,10271.03,10336.22,10271.03,10311.16
106/08/16,10302.83,10322.38,10245.72,10290.39
106/08/17,10302.54,10372.41,10302.54,10369.37
106/08/18,10324.83,10330.39,10259.83,10321.33
106/08/21,10316.09,10336.37,10282.72,10326.39
106/08/22,10353.37,10410.47,10353.37,10392.07
106/08/23,10418.32,10458.91,10378.01,10406.81
106/08/24,10414.66,10488.96,10410.73,10488.96
106/08/25,10497.86,10519.84,10478.72,10515.51
106/08/28,10502.8,10542.37,10498.88,10525.98
106/08/29,10518.69,10518.69,10463.22,10496.57
106/08/30,10511.59,10574.53,10511.59,10569.4
106/08/31,10586.65,10609.48,10551.95,10585.78
106/09/01,10576.27,10619.52,10568.72,10594.82
106/09/04,10585.44,10610.04,10555.34,10569.87
106/09/05,10584.1,10617.84,10564.26,10617.84
106/09/06,10593.87,10604.92,10519.71,10547.86
106/09/07,10564.79,10604.02,10509.91,10538.51
106/09/08,10553.9,10609.95,10550.72,10609.95
106/09/11,10630.16,10656.25,10565.78,10572.16
106/09/12,10610.33,10646.55,10586.28,10610.35
106/09/13,10596.36,10620.31,10532.88,10532.88
106/09/14,10533.99,10572.71,10508.72,10553.57
106/09/15,10556.82,10580.78,10520.15,10580.41
106/09/18,10590.8,10642.4,10581.81,10631.57
106/09/19,10653.34,10664.18,10561.21,10576.14
106/09/20,10568.58,10589.19,10490.71,10519.17
106/09/21,10506.85,10603.08,10493.95,10578.44
106/09/22,10571.65,10579.02,10446.45,10449.68
106/09/25,10442.05,10447.09,10322.1,10335.89
106/09/26,10333.44,10374.54,10257.02,10257.02
106/09/27,10322.44,10357.23,10315.97,10326.68
106/09/28,10351.42,10365.59,10288.24,10296.45
106/09/29,10319.69,10338.95,10273.6,10329.94
106/09/30,10362.55,10400.4,10362.55,10383.94
106/10/02,10425.1,10472.81,10414.53,10465.16
106/10/03,10462.7,10495.34,10445.86,10469.35
106/10/05,10473.28,10530.93,10473.28,10518.27
106/10/06,10538.21,10557.67,10511.5,10532.81
106/10/11,10576.12,10668.49,10576.12,10641.19
106/10/12,10668.39,10711.44,10668.39,10711.44
106/10/13,10712.48,10724.09,10675.83,10724.09
106/10/16,10735.14,10774.21,10723.37,10774.21
106/10/17,10790.35,10798.52,10723.15,10723.15
106/10/18,10773.85,10790.31,10684.32,10720.28
106/10/19,10745.77,10798.54,10745.77,10760.29
106/10/20,10737.87,10753.77,10702.56,10728.88
106/10/23,10759.47,10792.27,10731.9,10735.21
106/10/24,10749.9,10766.64,10726.25,10743.78
106/10/25,10771.4,10794.55,10740.07,10750.57
106/10/26,10735.35,10756.51,10716.52,10734.76
106/10/27,10757.35,10803.6,10701.08,10709.11
106/10/30,10777.6,10842.25,10743.13,10756.87
106/10/31,10768.9,10829.33,10747.37,10793.8
106/11/01,10816.04,10843.41,10785.32,10806.36
106/11/02,10797.63,10827.67,10788.51,10788.51
106/11/03,10797.91,10835.7,10765.31,10800.77
106/11/06,10856.56,10858.5,10769.19,10786.19
106/11/07,10820.83,10842.61,10807.89,10840.34
106/11/08,10839.44,10844.74,10806.01,10818.99
106/11/09,10802.95,10831.38,10721.87,10743.27
106/11/10,10713.67,10742.61,10659.29,10732.67
106/11/13,10728.22,10749.39,10683.92,10683.92
106/11/14,10716.59,10735.08,10654.58,10687.18
106/11/15,10662.08,10669.59,10600.26,10630.65
106/11/16,10629.16,10666.66,10609.23,10625.04
106/11/17,10673.43,10729.45,10673.43,10701.64
106/11/20,10706.79,10728.39,10656.18,10664.55
106/11/21,10688.22,10787.58,10687.26,10779.24
106/11/22,10815.4,10882.65,10801.1,10822.59
106/11/23,10837.61,10872.29,10809.09,10854.57
106/11/24,10847.79,10873.91,10833.78,10854.09
106/11/27,10836.82,10856.0,10746.74,10750.93
106/11/28,10733.56,10752.58,10692.53,10707.07
106/11/29,10735.24,10762.91,10697.62,10713.55
106/11/30,10623.2,10650.18,10560.44,10560.44
106/12/01,10591.62,10665.92,10495.15,10600.37
106/12/04,10617.27,10665.43,10565.68,10651.11
106/12/05,10607.62,10635.71,10540.74,10566.85
106/12/06,10541.03,10541.03,10376.65,10393.92
106/12/07,10404.42,10418.97,10322.76,10355.76
106/12/08,10406.35,10419.28,10336.26,10398.62
106/12/11,10438.33,10504.67,10438.33,10473.09
106/12/12,10488.73,10495.24,10408.06,10443.28
106/12/13,10447.11,10489.17,10444.7,10470.7
106/12/14,10494.6,10577.53,10494.6,10538.01
106/12/15,10517.21,10520.66,10436.11,10491.44
106/12/18,10478.74,10526.41,10472.39,10506.52
106/12/19,10508.33,10544.0,10452.08,10467.34
106/12/20,10470.36,10514.31,10470.36,10504.52
106/12/21,10526.97,10545.78,10488.97,10488.97
106/12/22,10503.1,10537.27,10486.52,10537.27
106/12/25,10546.64,10556.65,10514.54,10522.49
106/12/26,10526.14,10528.92,10408.12,10421.91
106/12/27,10419.81,10497.77,10419.81,10486.67
106/12/28,10513.29,10592.04,10513.29,10567.64
106/12/29,10590.95,10659.98,10590.95,10642.86
107/01/02,10664.82,10710.73,10650.77,10710.73
107/01/03,10759.61,10813.16,10759.61,10801.57
107/01/04,10834.58,10853.46,10794.25,10848.63
107/01/05,10856.92,10879.8,10815.68,10879.8
107/01/08,10899.09,10918.47,10869.12,10915.75
107/01/09,10922.35,10931.0,10860.77,10914.89
107/01/10,10915.32,10934.75,10819.25,10831.09
107/01/11,10824.54,10844.08,10770.1,10810.06
107/01/12,10818.24,10899.98,10818.24,10883.96
107/01/15,10932.37,10962.55,10911.89,10956.31
107/01/16,10955.81,10986.11,10920.5,10986.11
107/01/17,10976.13,11030.22,10942.95,11004.8
107/01/18,11048.06,11122.82,11048.06,11071.57
107/01/19,11123.58,11150.85,11095.85,11150.85
107/01/22,11169.79,11231.46,11142.38,11231.46
107/01/23,11243.49,11270.18,11201.52,11253.11
107/01/24,11228.71,11228.71,11107.32,11152.16
107/01/25,11154.36,11268.61,11131.85,11165.95
107/01/26,11152.53,11178.3,11089.48,11147.1
107/01/29,11202.27,11246.18,11161.83,11221.81
107/01/30,11189.57,11189.57,11076.78,11076.78
107/01/31,11054.36,11158.29,11007.89,11103.79
107/02/01,11139.4,11212.1,11139.4,11160.25
107/02/02,11151.65,11153.32,11070.43,11126.23
107/02/05,10970.3,10970.3,10855.43,10946.25
107/02/06,10761.01,10761.01,10300.4,10404.0
107/02/07,10547.64,10697.82,10547.64,10551.54
107/02/08,10559.44,10609.5,10512.93,10528.52
107/02/09,10371.01,10392.31,10189.04,10371.75
107/02/12,10429.09,10473.51,10416.01,10421.09
107/02/21,10559.79,10720.48,10559.79,10714.44
107/02/22,10698.47,10698.47,10620.8,10662.38
107/02/23,10688.97,10799.29,10688.97,10794.55
107/02/26,10827.98,10890.69,10827.98,10836.7
107/02/27,10896.16,10937.9,10815.47,10815.47
107/03/01,10779.1,10805.55,10709.69,10785.79
107/03/02,10719.29,10719.29,10638.98,10698.17
107/03/05,10727.45,10756.37,10642.9,10642.9
107/03/06,10711.15,10784.34,10711.15,10784.34
107/03/07,10762.99,10818.05,10745.32,10745.32
107/03/08,10788.43,10852.33,10788.43,10823.24
107/03/09,10847.74,10882.76,10845.38,10864.82
107/03/12,10908.99,11016.56,10908.99,11002.1
107/03/13,11022.15,11095.63,11014.87,11095.63
107/03/14,11063.73,11070.29,11015.47,11038.8
107/03/15,11039.6,11052.11,11008.18,11018.45
107/03/16,11010.24,11054.86,10933.46,11027.7
107/03/19,11004.81,11066.0,10983.25,11046.9
107/03/20,11016.85,11020.78,10981.04,11010.84
107/03/21,11037.35,11072.31,11011.07,11011.07
107/03/22,11045.9,11120.2,10975.33,11005.84
107/03/23,10863.67,10863.67,10758.06,10823.33
107/03/26,10783.57,10840.05,10781.43,10840.05
107/03/27,10901.69,10986.79,10901.69,10986.79
107/03/28,10939.97,10939.97,10853.48,10865.66
107/03/29,10855.66,10889.6,10815.46,10845.92
107/03/30,10905.3,10969.22,10905.3,10906.22
107/03/31,10925.71,10947.16,10905.69,10919.49
107/04/02,10936.26,10969.88,10882.05,10888.27
107/04/03,10837.54,10837.54,10775.45,10821.53
107/04/09,10880.14,10904.75,10829.02,10893.53
107/04/10,10885.64,10975.67,10874.83,10927.18
107/04/11,10961.7,11016.35,10953.31,10974.02
107/04/12,10984.12,11008.2,10920.62,10955.29
107/04/13,10975.58,10988.23,10938.37,10965.39
107/04/16,10962.36,10974.94,10921.17,10954.55
107/04/17,10953.51,10965.2,10799.07,10810.45
107/04/18,10842.88,10917.6,10809.89,10847.89
107/04/19,10891.66,10983.96,10889.71,10971.22
107/04/20,10802.42,10831.56,10770.05,10779.38
107/04/23,10756.89,10774.73,10687.25,10697.13
107/04/24,10680.38,10692.19,10540.15,10579.5
107/04/25,10541.83,10573.73,10489.2,10559.97
107/04/26,10583.08,10618.68,10478.98,10488.58
107/04/27,10546.29,10573.61,10495.67,10553.43
107/04/30,10553.41,10660.61,10539.63,10657.88
107/05/02,10665.52,10683.9,10601.1,10618.81
107/05/03,10578.98,10578.98,10509.03,10514.18
107/05/04,10516.45,10566.37,10500.97,10529.37
107/05/07,10581.78,10632.62,10555.56,10604.91
107/05/08,10610.44,10691.38,10609.04,10691.38
107/05/09,10692.89,10748.6,10689.81,10703.35
107/05/10,10731.68,10782.06,10731.68,10760.21
107/05/11,10808.4,10874.63,10808.4,10858.98
107/05/14,10938.3,10970.24,10908.86,10952.39
107/05/15,10965.08,10978.38,10874.73,10874.73
107/05/16,10873.54,10915.74,10865.07,10897.57
107/05/17,10911.74,10938.63,10833.81,10833.81
107/05/18,10844.09,10893.35,10819.07,10830.84
107/05/21,10861.66,10979.1,10861.66,10966.2
107/05/22,10986.77,11034.12,10938.73,10938.73
107/05/23,10974.52,10991.86,10886.18,10886.18
107/05/24,10910.61,10942.64,10883.52,10936.93
107/05/25,10946.62,10977.81,10918.12,10942.3
107/05/28,10976.49,10999.43,10965.18,10987.77
107/05/29,10979.68,10986.53,10929.56,10964.12
107/05/30,10925.21,10925.21,10799.75,10821.17
107/05/31,10856.03,10909.61,10853.65,10874.96
107/06/01,10882.68,10954.67,10876.97,10949.08
107/06/04,11002.15,11109.5,11002.15,11109.5
107/06/05,11130.03,11131.08,11054.62,11100.11
107/06/06,11111.14,11207.15,11111.14,11201.83
107/06/07,11228.64,11261.68,11188.99,11251.75
107/06/08,11243.59,11243.59,11122.98,11156.42
107/06/11,11168.99,11186.67,11118.81,11149.23
107/06/12,11140.02,11160.05,11088.53,11144.79
107/06/13,11153.2,11188.01,11119.24,11173.21
107/06/14,11143.04,11143.04,11013.98,11013.98
107/06/15,10998.2,11087.47,10981.61,11087.47
107/06/19,11008.77,11008.77,10904.19,10904.19
107/06/20,10904.8,10969.2,10842.56,10927.44
107/06/21,10949.85,10992.31,10941.07,10941.07
107/06/22,10901.25,10914.83,10828.86,10899.28
107/06/25,10834.07,10851.16,10786.46,10786.46
107/06/26,10730.9,10752.99,10651.42,10742.17
107/06/27,10766.88,10800.34,10701.03,10701.03
107/06/28,10669.42,10723.84,10633.01,10654.28
107/06/29,10667.64,10836.91,10667.64,10836.91
107/07/02,10852.17,10886.2,10777.94,10777.94
107/07/03,10802.88,10873.48,10707.68,10715.72
107/07/04,10714.25,10752.05,10680.44,10721.87
107/07/05,10690.91,10709.8,10585.27,10611.81
107/07/06,10645.66,10665.72,10523.58,10608.57
107/07/09,10638.9,10746.74,10638.9,10720.28
107/07/10,10737.62,10776.47,10728.24,10756.89
107/07/11,10693.64,10693.64,10635.03,10676.84
107/07/12,10644.91,10752.57,10643.65,10738.38
107/07/13,10769.7,10864.54,10769.7,10864.54
107/07/16,10867.97,10890.2,10817.45,10817.45
107/07/17,10802.75,10818.84,10758.83,10778.99
107/07/18,10811.43,10872.74,10788.37,10842.46
107/07/19,10868.56,10896.25,10826.14,10835.38
107/07/20,10932.51,10963.95,10893.73,10932.11
107/07/23,10929.46,10984.84,10901.75,10946.89
107/07/24,10937.77,10995.39,10917.61,10995.39
107/07/25,10957.66,10992.29,10956.0,10965.79
107/07/26,10969.35,11018.19,10966.33,11010.61
107/07/27,11023.07,11075.78,11009.16,11075.78
107/07/30,11072.7,11080.41,11001.15,11033.54
107/07/31,10997.73,11057.51,10976.46,11057.51
107/08/01,11062.36,11100.02,11058.28,11098.13
107/08/02,11095.67,11095.67,10919.13,10929.77
107/08/03,10957.3,11012.43,10957.3,11012.43
107/08/06,10997.26,11054.49,10994.97,11024.1
107/08/07,11024.97,11030.09,10983.44,10983.44
107/08/08,11026.07,11095.5,11026.07,11075.25
107/08/09,11063.62,11063.62,11001.96,11028.07
107/08/10,11009.96,11033.89,10972.25,10983.68
107/08/13,10939.68,10939.68,10693.73,10748.92
107/08/14,10797.95,10829.85,10755.53,10824.23
107/08/15,10827.28,10827.28,10688.59,10716.75
107/08/16,10663.57,10725.71,10606.26,10683.9
107/08/17,10702.6,10757.01,10688.55,10690.96
107/08/20,10698.76,10729.9,10663.44,10699.05
107/08/21,10697.01,10792.2,10697.01,10792.2
107/08/22,10790.24,10828.21,10774.69,10804.2
107/08/23,10817.33,10863.13,10802.79,10863.13
107/08/24,10865.91,10865.91,10770.32,10809.35
107/08/27,10847.17,10916.69,10847.17,10902.21
107/08/28,10946.33,11005.55,10946.33,10989.55
107/08/29,11029.12,11099.57,11029.11,11099.57
107/08/30,11153.97,11186.05,11080.07,11093.75
107/08/31,11037.26,11063.94,10987.68,11063.94
107/09/03,11087.86,11097.11,10952.85,10964.22
107/09/04,10981.39,11028.27,10956.49,11021.38
107/09/05,11042.41,11058.06,10989.93,10995.13
107/09/06,11016.92,11016.92,10905.34,10924.3
107/09/07,10922.55,10922.55,10807.56,10846.99
107/09/10,10869.8,10877.72,10689.29,10725.8
107/09/11,10723.0,10765.42,10669.59,10752.3
107/09/12,10762.91,10779.93,10667.25,10722.57
107/09/13,10726.67,10758.84,10701.25,10727.23
107/09/14,10776.53,10882.04,10770.47,10868.14
107/09/17,10881.78,10883.98,10806.73,10828.61
107/09/18,10794.22,10806.56,10750.81,10760.21
107/09/19,10808.5,10882.75,10808.5,10857.27
107/09/20,10886.19,10908.36,10814.54,10831.41
107/09/21,10857.1,10972.41,10835.84,10972.41
107/09/25,10959.56,11003.49,10941.77,10978.85
107/09/26,10974.08,11007.35,10947.29,10974.19
107/09/27,10973.77,11051.09,10961.27,11034.19
107/09/28,11050.09,11073.95,10966.96,11006.34
107/10/01,11014.19,11062.43,11012.95,11051.8
107/10/02,11048.89,11064.34,10906.42,10919.63
107/10/03,10918.74,10926.73,10839.46,10863.94
107/10/04,10826.19,10826.19,10707.76,10718.91
107/10/05,10665.29,10669.63,10446.94,10517.12
107/10/08,10467.85,10507.83,10403.13,10455.93
107/10/09,10464.39,10503.1,10428.97,10466.83
107/10/11,10272.04,10272.04,9797.93,9806.11
107/10/12,9811.58,10046.01,9740.76,10045.81
107/10/15,9989.63,9989.63,9890.47,9901.12
107/10/16,9891.97,10011.19,9888.73,9981.1
107/10/17,10048.43,10127.01,9978.25,9979.14
107/10/18,9975.46,10019.5,9919.79,9953.73
107/10/19,9879.47,9919.26,9762.91,9919.26
107/10/22,9871.3,9984.15,9822.15,9974.28
107/10/23,9912.28,9912.28,9775.2,9775.2
107/10/24,9774.29,9809.19,9667.85,9759.4
107/10/25,9622.95,9622.95,9475.61,9520.79
107/10/26,9570.19,9629.07,9400.69,9489.18
107/10/29,9515.43,9554.35,9459.12,9516.32
107/10/30,9508.81,9574.83,9481.66,9526.11
107/10/31,9588.86,9802.13,9588.86,9802.13
107/11/01,9812.2,9869.59,9742.61,9844.74
107/11/02,9871.4,9906.59,9817.29,9906.59
107/11/05,9856.85,9889.81,9786.25,9889.81
107/11/06,9888.41,9899.97,9782.86,9824.95
107/11/07,9818.15,9912.53,9817.95,9908.35
107/11/08,9958.47,10014.42,9938.55,9945.31
107/11/09,9921.78,9921.78,9798.45,9830.01
107/11/12,9806.8,9875.84,9764.46,9831.21
107/11/13,9727.17,9777.35,9616.16,9775.84
107/11/14,9799.69,9823.25,9763.89,9791.88
107/11/15,9806.58,9844.39,9755.12,9826.46
107/11/16,9819.05,9851.29,9770.87,9797.09
107/11/19,9795.47,9836.02,9779.4,9828.69
107/11/20,9788.95,9800.03,9726.8,9743.99
107/11/21,9698.52,9753.69,9632.47,9741.52
107/11/22,9769.33,9792.99,9702.77,9714.71
107/11/23,9730.64,9738.8,9654.91,9667.3
107/11/26,9679.98,9847.35,9679.98,9765.36
107/11/27,9728.95,9781.4,9688.74,9778.62
107/11/28,9774.03,9890.89,9767.14,9884.31
107/11/29,9959.87,10001.85,9885.36,9885.36
107/11/30,9899.24,9957.63,9888.03,9888.03
107/12/03,9979.21,10148.75,9979.21,10137.87
107/12/04,10120.43,10126.02,10061.7,10083.54
107/12/05,9971.98,9971.98,9895.29,9916.74
107/12/06,9850.08,9850.08,9664.75,9684.72
107/12/07,9719.46,9785.2,9719.46,9760.88
107/12/10,9722.97,9722.97,9626.47,9647.54
107/12/11,9661.72,9720.96,9661.72,9707.04
107/12/12,9741.45,9835.56,9741.45,9816.45
107/12/13,9827.32,9871.96,9815.5,9858.76
107/12/14,9818.95,9818.95,9718.94,9774.16
107/12/17,9762.49,9826.88,9733.98,9787.53
107/12/18,9756.46,9756.67,9701.1,9718.82
107/12/19,9720.92,9783.21,9720.92,9783.21
107/12/20,9729.29,9741.55,9658.5,9674.52
107/12/21,9648.98,9683.95,9585.32,9676.67
107/12/22,9639.24,9652.19,9625.31,9646.16
107/12/24,9646.53,9658.95,9613.29,9639.7
107/12/25,9559.7,9559.7,9479.06,9527.09
107/12/26,9544.87,9591.91,9473.3,9478.99
107/12/27,9555.01,9670.97,9555.01,9641.56
107/12/28,9649.97,9727.41,9630.77,9727.41
